state,year,gini,bachelors_or_higher_percent,management_percent,income_median,income_mean,population,male_percent,age_median,white_percent,population_density,search_interest
Alabama,2006,47.2000002861023,21.1,30.79723580311079,38783,5.3017,4599030,48.50140138246543,37.2,70.40523762619509,0.9080533360095404,31
Alaska,2006,41.6999995708466,26.9,34.958991748755494,59393,7.3358,670053,51.45219855742754,33.5,68.67665692116893,0.01173425535763786,54.1
Arizona,2006,45.3999996185303,25.5,32.582320433284664,47265,6.4021,6166318,50.03522361318375,34.6,76.89045553602652,0.5425490809711928,53
Arkansas,2006,46.000000834465,18.2,28.583395413228292,36599,4.9322,2810872,49.007532182184036,37.1,78.56010519155622,0.5406270277181711,29.2
California,2006,46.599999070167506,29,34.749116208422734,56645,7.7386,36457549,49.99040116492746,34.4,59.823429161406324,2.3391435454086618,65.7
Colorado,2006,44.9999988079071,34.3,36.99161943081848,52015,6.9334,4753377,50.350624408709855,35.4,82.78264063633077,0.4586560285002787,51.9
Connecticut,2006,47.9999989271164,33.7,38.61931838792759,63422,8.7856,3504809,48.67146825975395,39.1,79.9000459083505,7.237791156256521,51
Delaware,2006,43.3999985456467,27,35.20119745172835,52833,6.8473,853476,48.455961268975344,37.5,72.13301838598859,4.380048089768287,43.2
District of Columbia,2006,53.7000000476837,45.9,56.082327645998056,51847,8.1991,581530,46.87703127955565,35,34.45995907347858,95.13596895561277,55.2
Florida,2006,46.700000762939496,25.3,31.47993769975173,45495,6.2637,18089889,49.07805680841933,39.8,76.10465713747608,3.371618940856997,39.7
Georgia,2006,46.0999995470047,26.6,33.1532395242317,46832,6.2744,9363941,49.271209632781755,34.6,62.11607911668815,1.622385678685453,45.3
Hawaii,2006,43.7999993562698,29.7,33.0601218229537,61160,7.7805,1285498,50.02520423991324,37.2,26.254961112347118,2.0015601052667997,56.7
Idaho,2006,42.1000003814697,23.3,31.27832525867386,42865,5.4659,1466465,50.18674158605899,34.3,92.5442475613124,0.17744116460228074,43.1
Illinois,2006,46.2000012397766,28.9,34.467023118467,52006,6.9647,12831970,49.2148828278121,35.7,70.71909457394305,2.3115163548454807,49.3
Indiana,2006,43.2000011205673,21.7,29.879813387697023,45394,5.7601,6313520,49.17163484078612,36.3,85.96727340691088,1.76226467208684,45.8
Iowa,2006,42.399999499321,24,32.63487025414564,44491,5.626,2982085,49.30989559318396,37.8,92.97303732120312,0.5339125943268366,39.8
Kansas,2006,44.1000014543533,28.6,34.35735008040344,45478,5.927,2764075,49.62285755632535,36.3,85.41906424391523,0.33807771905002215,34.9
Kentucky,2006,46.000000834465,20,30.94277151723881,39372,5.2037,4206074,48.94799758634774,37.3,89.45565389481973,1.0650529548147152,47.4
Louisiana,2006,47.4999994039536,20.3,29.633862956713863,39337,5.365,4287768,48.484759436611306,35.6,64.37458836392268,0.9922925899453101,32.1
Maine,2006,42.800000309944195,25.8,32.67402099790442,43439,5.4788,1321574,48.81709234594506,41,95.76013147958419,0.42845604633228646,67.7
Maryland,2006,43.299999833107,35.1,42.57521620486402,65144,8.3367,5615727,48.36189508499968,37.3,61.28319628073088,5.782709370607865,57
Massachusetts,2006,46.0999995470047,37,41.160524934447395,59963,7.8264,6437193,48.414518564225126,38.3,82.79347846180781,8.25179733130903,57.3
Michigan,2006,44.400000572204604,24.5,32.56506027755003,47182,6.1248,10095643,49.21568641046439,37.3,79.50503994644026,1.7834196056473925,51.7
Minnesota,2006,43.0000007152557,30.4,36.48154063530885,54023,6.8637,5167101,49.69688032031888,36.8,87.84339613257028,0.6489143034314534,49.3
Mississippi,2006,47.0999985933304,18.8,28.111506722868025,34473,4.7501,2910540,48.5133686532396,35.4,60.1021116356415,0.6202600099058866,36.1
Missouri,2006,44.900000095367396,24.3,31.948547981488122,42841,5.6711,5842713,48.810047661077995,37.2,83.96496627508489,0.8498937860731759,39.5
Montana,2006,42.599999904632604,27.4,33.34082036472539,40627,5.1213,944632,49.87730671838346,39.5,89.68487199247961,0.06490069359181279,38
Nebraska,2006,43.0000007152557,26.9,34.189294185220746,45474,5.7636,1768331,49.58070632703945,36,88.6135005267679,0.2301978510988905,39
Nevada,2006,43.3999985456467,20.8,26.518162582491307,52998,6.8277,2495529,50.98906885073266,35.6,73.64610870080051,0.2271544244493537,45.9
New Hampshire,2006,41.6999995708466,31.9,35.59069999744599,59683,7.296,1314895,49.226896444202765,39.3,95.08219287471623,1.4685405334157227,57.4
New Jersey,2006,45.8000004291534,33.4,38.02398420294939,64470,8.5659,8724560,48.82961433012095,38.2,69.60992875285402,11.862358149449983,48.5
New Mexico,2006,45.699998736381495,25.3,34.06335482470918,40629,5.4273,1954599,49.307658501820576,35.2,67.8278255539883,0.1611206669825765,58.4
New York,2006,49.5000004768372,31.2,36.7386304267846,51384,7.3384,19306183,48.42538268698686,37.4,66.38428735498881,4.096938608835713,59.4
North Carolina,2006,45.8000004291534,24.8,32.56280724468888,42625,5.7184,8856505,49.042799614520625,36.6,70.28351477247514,1.8214592643628302,48.6
North Dakota,2006,43.3999985456467,25.6,33.957792304707326,41919,5.3085,635867,49.891879905703554,37.1,91.04403908364485,0.09216230570744482,41.2
Ohio,2006,44.900000095367396,23,32.097574020886796,44532,5.8356,11478006,48.71568284595774,37.6,84.03762813854601,2.8091922850441104,48.6
Oklahoma,2006,46.000000834465,22.1,30.721949258093307,38770,5.2419,3579212,49.26154136720597,36.2,75.38061450397461,0.5217775397970078,36.5
Oregon,2006,44.400000572204604,27.5,32.968459987075505,46230,6.0331,3700758,49.54276934617178,37.6,86.09525399931582,0.38551181848750693,88.4
Pennsylvania,2006,45.5000013113022,25.4,34.049682755735944,46259,6.1319,12440621,48.57580662573034,39.6,83.83610432308805,2.7805112350017054,50.5
Rhode Island,2006,44.200000166893,29.6,34.51890705783335,51814,6.6196,1067610,48.2058991579322,38.4,82.64909470686861,10.326144755033289,60.6
South Carolina,2006,46.2000012397766,22.7,30.3517567478152,41100,5.5128,4321249,48.65577058854974,37.1,67.30285618810673,1.4373352520431348,35
South Dakota,2006,43.9000010490417,24.8,34.94951438112573,42791,5.446,781919,50.18345890047434,37.3,87.19381419303022,0.10314407694603375,31.7
Tennessee,2006,46.7999994754791,21.7,30.613810787904853,40315,5.4669,6038803,48.85252921812485,37.2,79.18089065001789,1.4645698308280675,42.7
Texas,2006,47.4000006914139,24.7,32.34106248360214,44922,6.2421,23507783,49.79488282667915,33.1,69.78938422223823,0.8997567382657382,35
Utah,2006,40.999999642372096,28.6,32.421120994393384,51309,6.3807,2550063,50.28714976845669,28.4,89.08030899628754,0.30956061948571145,47.6
Vermont,2006,41.9999986886978,32.4,37.36050606612846,47665,6.006,623908,49.14121953877815,40.6,96.2528129147246,0.6768916393921236,100
Virginia,2006,45.6000000238419,32.7,39.813237993927544,56277,7.5764,7642884,49.16367957435963,36.9,70.82790998790509,1.9357838028024363,53.6
Washington,2006,44.2999988794327,30.5,36.74031949146938,52583,6.8557,6395798,49.788517398454424,36.7,80.4923795279338,0.9624181109877322,68.4
West Virginia,2006,44.699999690055805,16.5,28.25595942253536,35059,4.6402,1818470,48.99668402558194,40.7,94.64538870589013,0.7563988517587826,37.2
Wisconsin,2006,42.399999499321,25.1,31.758833788870128,48772,6.0859,5556506,49.64607254990816,37.6,87.45943943910076,1.0258069939277095,49.8
Wyoming,2006,41.2999987602234,22.7,30.146185104229318,47423,5.9583,515004,50.332618775776496,37.5,91.8317139284355,0.05304466186941928,37.7
Alabama,2007,47.0999985933304,21.4,30.8,40554,5.5552,4627851,48.4,37.3,71.2,0.9137438849290149,35.6
Alaska,2007,40.900000929832494,26,34.3,64333,7.8765,683478,52.3,33.3,73.1,0.011969359712332619,53.4
Arizona,2007,44.800001382827794,25.3,33,49889,6.6132,6338755,50.1,34.9,78.3,0.5577211067855329,55.4
Arkansas,2007,46.2000012397766,19.3,30,38134,5.1748,2834797,48.9,37,79.9,0.5452286252431232,38
California,2007,46.900001168251,29.5,35.5,59948,8.1939,36553215,50,34.7,62.4,2.345281547346616,70
Colorado,2007,45.1999992132187,35,37.4,55212,7.3037,4861515,50.4,35.7,85.8,0.46909032512980403,60.3
Connecticut,2007,48.1000006198883,34.7,39.2,65967,9.2686,3502309,48.7,39.1,81.2,7.232628399059013,60.3
Delaware,2007,43.5000002384186,26.1,36.2,54610,7.107,864764,48.4,37.8,73.8,4.437978228210732,59.9
District of Columbia,2007,54.1999995708466,47.5,55.4,54317,8.8335,588292,47.1,34.9,36.3,96.24220495732868,65.3
Florida,2007,46.900001168251,25.8,32.3,47804,6.6414,18251243,49.1,40,77.6,3.401692326193029,39.1
Georgia,2007,46.399998664856,27.1,34.1,49136,6.6521,9544750,49.2,34.8,62.8,1.6537124386658326,45.7
Hawaii,2007,42.1999990940094,29.2,33.8,63746,7.9749,1283388,50.3,38.1,34.3,1.9982747700721024,66.9
Idaho,2007,43.5999989509583,24.5,32.6,46253,6.0595,1499402,50.2,34.3,94.5,0.18142651688720082,47.3
Illinois,2007,46.599999070167506,29.5,34.3,54124,7.3275,12852548,49.3,35.9,71.6,2.3152232200851914,52.3
Indiana,2007,42.8999990224838,22.1,30.4,47448,6.0139,6345289,49.3,36.5,87.2,1.7711322113308001,50.6
Iowa,2007,42.599999904632604,24.3,32.6,47292,5.9451,2988047,49.3,38,93.9,0.5349800309986203,50.4
Kansas,2007,44.400000572204604,28.8,35.4,47451,6.3035,2775997,49.5,36.3,87.8,0.3395359148538677,42
Kentucky,2007,46.500000357627904,20,30.7,40267,5.4376,4241474,48.9,37.4,90.3,1.0740168661963125,51.2
Louisiana,2007,47.799998521804795,20.4,30,40926,5.671,4293204,48.6,35.7,65,0.9935506110226965,32.5
Maine,2007,43.9999997615814,26.7,33.7,45888,5.9238,1317207,48.7,41.7,97,0.4270402591313177,69
Maryland,2007,44.200000166893,35.2,42.8,68080,8.8541,5618344,48.3,37.4,61.8,5.7854041865102195,60.9
Massachusetts,2007,46.700000762939496,37.9,42.7,62365,8.3337,6449755,48.5,38.5,84.2,8.267900480317598,58.4
Michigan,2007,44.800001382827794,24.7,33,47950,6.2922,10071822,49.2,37.6,81,1.7792115687322474,55.9
Minnesota,2007,43.5999989509583,31,37.4,55802,7.1821,5197621,49.8,37.1,89.6,0.6527471808109993,55.8
Mississippi,2007,47.9999989271164,18.9,28.5,36338,5.1022,2918785,48.4,35.4,60.3,0.622017087211704,39.2
Missouri,2007,44.9999988079071,24.5,32.6,45114,5.9498,5878415,48.7,37.5,85.5,0.8550870769211749,45.3
Montana,2007,44.2999988794327,27,32.4,43531,5.6165,957861,50,39.1,91.8,0.06580958856416826,54.6
Nebraska,2007,42.8999990224838,27.5,34.5,47085,5.9801,1774571,49.5,36.1,91,0.23101016202419639,40.2
Nevada,2007,43.7000006437302,21.8,26.6,55062,7.2518,2565382,50.8,35.7,76.2,0.23351276290627435,57.5
New Hampshire,2007,41.6999995708466,32.5,37.7,62369,7.8062,1315828,49.2,39.8,96,1.4695825545030925,59.9
New Jersey,2007,46.399998664856,33.9,38.9,67035,9.0463,8685920,49,38.4,70.7,11.809821228517038,51.5
New Mexico,2007,45.8999991416931,24.8,34.1,41452,5.617,1969915,49.6,36,71,0.16238318892979184,59.3
New York,2007,50,31.7,37.2,53514,7.7865,19297729,48.5,37.7,67.3,4.095144597093512,70.4
North Carolina,2007,46.500000357627904,25.6,33.8,44670,6.0672,9061032,48.8,36.8,71.1,1.863522990286582,52.3
North Dakota,2007,43.9999997615814,25.7,34.4,43753,5.6113,639715,50.5,37.1,92.3,0.09272003327053939,37.3
Ohio,2007,44.800001382827794,24.1,32.9,46597,6.0917,11466917,48.7,37.8,85.4,2.806478300293723,46.3
Oklahoma,2007,46.2999999523163,22.8,31.9,41567,5.652,3617316,49.6,36.1,79.9,0.527332341070703,41
Oregon,2007,44.200000166893,28.3,33.9,48730,6.3056,3747455,49.6,37.9,88.8,0.3903762936539218,93.6
Pennsylvania,2007,46.000000834465,25.8,34.4,48576,6.5102,12432792,48.7,39.7,84.9,2.778761433085963,52.2
Rhode Island,2007,45.699998736381495,29.8,35.4,53568,7.0208,1057832,48.3,38.3,84.6,10.23156991645486,70.8
South Carolina,2007,45.8999991416931,23.5,31.6,43329,5.8011,4407709,48.5,37.4,68.2,1.4660936054478215,42.8
South Dakota,2007,42.3000007867813,25,33.4,43424,5.4972,796215,50,37.1,89,0.1050298831791864,36.4
Tennessee,2007,47.0999985933304,21.8,30.2,42367,5.8164,6156719,48.8,37.5,80.1,1.4931675870674948,44.6
Texas,2007,47.299998998642,25.2,33,47548,6.6392,23904380,49.8,33.2,71.6,0.914936426759799,45.7
Utah,2007,40.900000929832494,28.7,33.3,55109,6.9014,2645330,50.5,28.4,91.9,0.32112539711534077,53.3
Vermont,2007,42.800000309944195,33.6,39.4,49907,6.3922,621254,49.1,40.6,97.7,0.6740122558757291,100
Virginia,2007,45.6000000238419,33.6,40.5,59562,7.9711,7712091,49.1,37,71.8,1.9533124987293338,49.4
Washington,2007,44.400000572204604,30.3,37.2,55591,7.2751,6468424,49.9,37.1,83.7,0.9733466265112988,70.9
West Virginia,2007,45.3999996185303,17.3,30,37060,4.906,1812035,49.1,40.4,95.5,0.7537221913733666,38.9
Wisconsin,2007,42.800000309944195,25.4,32.5,50578,6.3726,5601640,49.7,38,88.5,1.0341393475441607,56.7
Wyoming,2007,43.7000006437302,23.4,30.4,51731,6.7721,522830,51,36.9,94.3,0.053850728470436114,43.9
Alabama,2008,46.7,22,30.8,42666,5.7957,4661900,48.5,37.4,70.3,0.9204666738731595,40.6
Alaska,2008,40.300000000000004,27.3,34.1,68460,8.3423,686293,52.1,33,69.1,0.012018657198996734,56.7
Arizona,2008,45.300000000000004,25.1,32.9,50958,6.8066,6500180,50.1,35.1,80.1,0.5719242317939698,58
Arkansas,2008,45.9,18.8,29.4,38815,5.2592,2855390,49,37.3,78.7,0.5491893649643913,44.1
California,2008,47.3,29.6,35.8,61021,8.4275,36756666,50,34.9,62.5,2.3583351153047074,68
Colorado,2008,45.7,35.6,38.1,56993,7.6462,4939456,50.4,35.8,84.7,0.476610896192722,63.3
Connecticut,2008,48.6,35.6,40.2,68595,9.5881,3501252,48.8,39.3,80.1,7.230445585315906,63.1
Delaware,2008,44.7,27.5,36.8,57989,7.5833,873092,48.4,38.3,72.7,4.480717614545663,54.2
District of Columbia,2008,54,48.2,55.6,57936,9.3118,591833,47.3,34.9,37.5,96.82149831463066,62.4
Florida,2008,47.099999999999994,25.8,32.8,47778,6.6493,18328340,49.1,40.3,77.6,3.416061773428623,50.7
Georgia,2008,46.7,27.5,34.5,50861,6.885,9685744,49.2,35,61.9,1.6781408974077852,45.8
Hawaii,2008,42.8,29.1,33,67214,8.3522,1288198,50.4,38.3,27.1,2.005764088691294,68.6
Idaho,2008,41.9,24,32.2,47576,5.9429,1523816,50.3,34.4,92.7,0.18438059256756148,51.4
Illinois,2008,46.7,29.9,35.1,56235,7.5744,12901564,49.2,36,72.7,2.324052829696896,66.3
Indiana,2008,43.7,22.9,31.9,47966,6.1739,6376792,49.2,36.8,85.7,1.779925503181424,52.1
Iowa,2008,42.8,24.3,32.8,48980,6.1865,3002557,49.3,38.2,92.7,0.5375779018653738,51
Kansas,2008,44.2,29.6,35.6,50177,6.5446,2802134,49.6,36.2,86.2,0.3427327663657877,47.7
Kentucky,2008,46.7,19.7,30.6,41538,5.5756,4269245,48.9,37.8,89.1,1.0810489787098252,52.7
Louisiana,2008,47.699999999999996,20.3,30.8,43733,6.0616,4410796,48.5,35.9,64,1.0207642266466876,38.9
Maine,2008,43.6,25.4,32.8,46581,5.9598,1316456,48.7,41.9,95.8,0.42679678393371584,83
Maryland,2008,43.8,35.2,42.6,70545,9.0303,5633597,48.4,37.6,61.2,5.801110731011026,64.6
Massachusetts,2008,47.099999999999994,38.1,42,65401,8.7534,6497967,48.5,38.7,82.5,8.329703140722074,72.6
Michigan,2008,45.1,24.7,33.1,48591,6.4103,10003422,49.2,38,79.6,1.7671285443001947,55.7
Minnesota,2008,44.5,31.5,37.5,57288,7.4789,5220393,49.7,37.4,88.1,0.655607019726039,56.1
Mississippi,2008,47.8,19.4,30.1,37790,5.2617,2938618,48.6,35.5,59.7,0.6262436626157403,42.4
Missouri,2008,44.800000000000004,25,33.6,46867,6.1844,5911605,48.8,37.6,84.2,0.859914966766144,52.7
Montana,2008,44.9,27.1,33.8,43654,5.7966,967440,49.7,39.1,89.6,0.06646771124465757,51
Nebraska,2008,42.699999999999996,27.1,33.9,49693,6.2626,1783432,49.5,36.3,88.9,0.23216366957373732,46.1
Nevada,2008,43.1,21.9,27.2,56361,7.2233,2600167,50.9,35.9,77.3,0.2366790521597636,59
New Hampshire,2008,41.9,33.3,38.9,63731,7.9659,1315809,49.2,40.3,94.8,1.4695613343523315,73.3
New Jersey,2008,46.2,34.4,39.3,70378,9.3872,8682661,49,38.7,70.8,11.805390125377274,59.1
New Mexico,2008,46,24.7,33.8,43508,5.9357,1984356,49.4,36,73.4,0.163573583252052,64.8
New York,2008,50.3,31.9,37.3,56033,8.1663,19490297,48.5,38,67.2,4.13600918819504,79.5
North Carolina,2008,46.300000000000004,26.1,33.9,46549,6.3005,9222414,48.9,37,70.4,1.8967133671904963,51.4
North Dakota,2008,45.1,26.9,34.5,45685,6.1178,641481,50.3,37,91,0.09297599659601366,41.9
Ohio,2008,45,24.1,33.2,47988,6.2728,11485910,48.8,38.2,84.1,2.811126754831022,49.7
Oklahoma,2008,45.800000000000004,22.2,31.9,42822,5.7894,3642361,49.3,36.3,75.8,0.5309834012717238,40
Oregon,2008,44.7,28.1,34.5,50169,6.5292,3790060,49.7,38,86.7,0.39481450091488296,99.2
Pennsylvania,2008,45.7,26.3,35,50713,6.7459,12448279,48.7,40,83.8,2.78222281797153,64
Rhode Island,2008,46,30,36,55701,7.2678,1050788,48.2,38.8,83.2,10.16343889140409,73.7
South Carolina,2008,46.400000000000006,23.7,31.9,44625,5.9942,4479800,48.6,37.6,67.5,1.4900725373851023,44.5
South Dakota,2008,44.6,25.1,34.2,46032,6.0081,804194,49.9,37.6,87.1,0.10608240471908044,37.3
Tennessee,2008,47.099999999999994,22.9,32.2,43614,5.9975,6214888,48.7,37.7,79.4,1.5072751117689032,52.7
Texas,2008,47.4,25.3,33.1,50043,6.9324,24326974,49.9,33.2,73.9,0.9311111463856637,52
Utah,2008,41.099999999999994,29.1,34.6,56633,7.1271,2736424,50.4,28.7,91,0.33218360041127165,59.4
Vermont,2008,43.4,32.1,37.6,52104,6.6463,621270,49.1,41.5,95.9,0.6740296146309146,96.4
Virginia,2008,46,33.7,40.4,61233,8.2962,7769089,49.2,37.5,70.8,1.9677489084919486,44.3
Washington,2008,44.2,30.7,37.2,58078,7.545,6549224,49.9,37.3,80.4,0.9855051379852084,87.1
West Virginia,2008,45.300000000000004,17.1,29.8,37989,5.0166,1814468,48.9,40.6,94.4,0.7547342060925145,41.4
Wisconsin,2008,42.6,25.7,32.7,52094,6.5937,5627968,49.7,38.2,88.4,1.0389998563848115,59.4
Wyoming,2008,44.1,23.6,29.8,53207,6.9976,532668,50.6,36.6,91.9,0.05486402814086848,62.1
Alabama,2009,47.099999999999994,22,32,40489,5.5543,4708708,48.4,37.4,70,0.9297086576288502,37.6
Alaska,2009,40.2,26.6,34.2,66953,8.1471,698473,51.6,32.6,68.3,0.01223195858001589,61.1
Arizona,2009,45.1,25.6,33.8,48745,6.4591,6595778,50.1,34.9,80,0.580335508514159,59.4
Arkansas,2009,46.1,18.9,30.3,37823,5.1324,2889450,48.9,37.1,78.4,0.5557402703645948,44
California,2009,46.7,29.9,36.4,58931,8.0819,36961664,50.1,34.9,62.7,2.37148793993704,59.9
Colorado,2009,45.300000000000004,35.9,39.2,55430,7.3605,5024748,50.3,35.7,84.6,0.48484076939294285,62.1
Connecticut,2009,48,35.6,40.3,67034,9.2807,3518288,48.8,39.5,79.1,7.265626677962606,65.8
Delaware,2009,43.4,28.7,38.1,56860,7.3308,885122,48.5,38.2,71.9,4.54245570503668,64.3
District of Columbia,2009,53.2,48.5,57.2,59290,9.2068,599657,47,35.1,38.7,98.10147324474384,62.8
Florida,2009,46.9,25.3,33.2,44736,6.2441,18537969,49.1,40.1,76.9,3.4551327211250356,50.4
Georgia,2009,46.9,27.5,35.3,47590,6.4461,9829211,49.1,34.6,61.9,1.7029978252935936,49.2
Hawaii,2009,42.5,29.6,33.8,64098,7.9329,1295178,50.5,37.9,26.9,2.01663216435906,68.7
Idaho,2009,42.1,23.9,32.8,44926,5.6859,1545801,50.2,34.2,92.3,0.18704076107058143,54.1
Illinois,2009,46.9,30.6,36.1,53966,7.3373,12910409,49.3,36.2,72.5,2.3256461440639504,67.6
Indiana,2009,43.4,22.5,32.2,45424,5.8671,6423113,49.2,36.8,85.7,1.7928548772668367,60.8
Iowa,2009,43.1,25.1,34.1,48044,6.1232,3007857,49.3,38,92.3,0.5385268140358627,50.7
Kansas,2009,44.4,29.5,35.5,47817,6.3062,2818747,49.6,35.9,86.3,0.34476472466886493,51.7
Kentucky,2009,46.400000000000006,21,32.2,40072,5.4068,4314113,48.9,37.7,88.8,1.0924103565592462,50.7
Louisiana,2009,47.3,21.4,31.5,42492,5.9019,4492076,48.6,35.6,63.7,1.0395743725572766,37.5
Maine,2009,43.2,26.9,34.8,45734,5.8352,1318301,48.8,42.2,94.9,0.42739493538454876,84.2
Maryland,2009,44.800000000000004,35.7,43.3,69272,9.0879,5699478,48.5,37.7,60.2,5.8689506876266195,61.5
Massachusetts,2009,46.800000000000004,38.2,42.9,64081,8.5514,6593587,48.6,39,82.4,8.45227781897388,77.3
Michigan,2009,45.300000000000004,24.6,33.4,45255,6.0102,9969727,49.2,38.5,79.9,1.7611762415481769,55.2
Minnesota,2009,43.9,31.5,37.9,55616,7.1342,5266215,49.7,37.5,87.4,0.6613616103972559,55.6
Mississippi,2009,47,19.6,30.5,36646,5.0306,2951996,48.6,35.1,59.6,0.6290946244346882,38.3
Missouri,2009,45,25.2,33.9,45229,5.9707,5987580,48.9,37.6,83.9,0.8709664560994228,49.1
Montana,2009,43.1,27.4,33.9,42322,5.4472,974989,49.8,39.3,89.4,0.06698636330802679,65.1
Nebraska,2009,44,27.4,35.1,47357,6.1318,1796622,49.6,35.8,88.1,0.23388071782770922,45
Nevada,2009,43.3,21.8,27.5,53341,6.8626,2643085,50.9,35.5,76.2,0.24058564414427563,60.3
New Hampshire,2009,43.1,32,38.3,60567,7.7008,1324575,49.4,40.4,94.5,1.4793516418034374,70
New Jersey,2009,46.5,34.5,39.3,68342,9.1907,8707740,49,38.7,70.7,11.839488816890661,62.6
New Mexico,2009,45.300000000000004,25.3,33.5,43028,5.7447,2009671,49.2,35.5,72.5,0.16566033848146935,64.7
New York,2009,50.2,32.4,38.5,54659,7.9947,19541453,48.6,38.1,67.4,4.146864932775602,78
North Carolina,2009,46.400000000000006,26.5,35.8,43674,5.97,9380884,48.8,36.9,70.5,1.9293048521638099,51.9
North Dakota,2009,45,25.8,34.2,47827,6.2268,646844,50.1,37,90.2,0.09375330764613739,41
Ohio,2009,45.300000000000004,24.1,34,45395,5.9894,11542645,48.8,38.5,84,2.8250124004990913,57.2
Oklahoma,2009,46,22.7,32.6,41664,5.6793,3687050,49.3,35.7,75.4,0.5374981638719801,43
Oregon,2009,44.3,29.2,36.1,48457,6.2964,3825657,49.5,38,85.6,0.39852267751078574,97.3
Pennsylvania,2009,46,26.4,35.9,49520,6.6493,12604767,48.7,39.9,83.5,2.8171982940464746,64.5
Rhode Island,2009,45.7,30.5,37.5,54119,7.1442,1053209,48.5,39.4,82.6,10.186855304187723,72.2
South Carolina,2009,46.2,24.3,32.4,42442,5.7062,4561242,48.7,37.5,67.6,1.517161801992834,46.7
South Dakota,2009,45.2,25.1,33.4,45043,5.8664,812383,49.7,36.8,86.3,0.10716262766558905,43.6
Tennessee,2009,46.7,23,33.1,41725,5.679,6296254,48.8,37.7,79.1,1.5270085239790974,48.4
Texas,2009,47.4,25.5,33.8,48259,6.7134,24782302,49.9,33.1,73.8,0.9485387547705575,57.4
Utah,2009,41.4,28.5,35,55117,6.9025,2784572,50.4,28.9,89.3,0.33802844609037763,60.4
Vermont,2009,42.8,33.1,40.1,51618,6.4907,621760,49.3,41.5,95.8,0.6745612265084705,100
Virginia,2009,45.6,34,41.5,59330,8.0389,7882590,49.1,37,70.4,1.9964963547964953,34.5
Washington,2009,43.9,31,38.3,56548,7.308,6664195,49.9,36.9,80.2,1.002805586285541,84.9
West Virginia,2009,46.300000000000004,17.3,30.6,37435,5.0674,1819777,49.1,40.8,94.3,0.7569425029046628,53.9
Wisconsin,2009,43.2,25.7,33.4,49993,6.3595,5654774,49.7,38.4,88.4,1.0439486105622076,53.6
Wyoming,2009,41.5,23.8,31.6,52664,6.5931,544270,51.3,36.7,91.3,0.05605901724194148,67.4
Alabama,2010,47.199999999999996,21.9,31.9,40474,5.5778,4785298,48.5,37.8,69.5,0.9448309345013582,39.1
Alaska,2010,42.199999999999996,27.9,35.1,64576,8.129,713985,52.2,33.8,67.4,0.012503611373313852,68
Arizona,2010,45.5,25.9,35.6,46789,6.2838,6413737,49.7,35.9,79.4,0.5643184660507187,59.1
Arkansas,2010,45.800000000000004,19.5,30.9,38307,5.2382,2921606,49,37.3,78.4,0.5619249713055503,41.8
California,2010,47.099999999999994,30.1,36.5,57708,7.9465,37349363,49.7,35.2,62.4,2.3963629970455527,50.8
Colorado,2010,45.7,36.4,39.7,54046,7.2423,5049071,50.1,36,83.3,0.48718770938554434,67.4
Connecticut,2010,48.6,35.5,40.6,64032,9.0074,3577073,48.6,40,78.2,7.387023750704812,61.3
Delaware,2010,44,27.8,37.7,55847,7.255,899769,48.5,38.8,70.7,4.617624267914648,71.1
District of Columbia,2010,53.2,50.1,59.2,60903,9.2959,604453,47.3,33.9,40.2,98.88607955415371,65.3
Florida,2010,47.4,25.8,33.5,44409,6.1877,18843326,48.9,40.7,76.5,3.512045588026721,50.8
Georgia,2010,46.800000000000004,27.3,35.4,46430,6.2967,9712587,48.8,35.4,60.7,1.682791684803066,49.1
Hawaii,2010,43.3,29.5,33,63030,7.956,1363621,50.2,38.7,24.6,2.1232000301081904,66.3
Idaho,2010,43.3,24.4,33.6,43490,5.6086,1571450,50.1,34.7,92.2,0.19014427082422972,56.1
Illinois,2010,46.5,30.8,36.1,52972,7.2022,12843166,49,36.6,72.5,2.313533171991161,64.8
Indiana,2010,44,22.7,32.3,44613,5.8451,6490621,49.3,36.9,85.1,1.8116980841440207,56.5
Iowa,2010,42.699999999999996,24.9,33.5,47961,6.0901,3049883,49.4,38.2,91.5,0.5460511504277428,47.6
Kansas,2010,44.5,29.8,35.6,48257,6.3094,2859169,49.6,36.2,85.2,0.3497087936827086,50.7
Kentucky,2010,46.6,20.5,32.3,40062,5.432,4346266,49.2,38,88.3,1.100552069628526,51.5
Louisiana,2010,47.5,21.4,31.4,42505,5.9116,4544228,49,35.9,62.8,1.0516435990524666,39.1
Maine,2010,43.7,26.8,35.9,45815,5.93,1327567,48.9,42.7,95.3,0.4303989848931763,74.8
Maryland,2010,44.3,36.1,44.1,68854,8.9563,5785982,48.4,38,58.9,5.958026864476931,60.8
Massachusetts,2010,47.5,39,43.5,62072,8.4005,6557254,48.3,39.1,81.1,8.405702774161886,73
Michigan,2010,45.1,25.2,34.2,45413,5.9772,9877574,49.1,39,79.3,1.7448971925644496,56.2
Minnesota,2010,44,31.8,38.4,55459,7.1345,5310584,49.6,37.5,86.1,0.6669337249599383,53
Mississippi,2010,46.800000000000004,19.5,31,36851,5.0591,2970036,48.5,36.1,59.5,0.6329390967933235,43.9
Missouri,2010,45.5,25.6,34.4,44301,5.9525,5996231,48.9,38,83.1,0.8722248494422619,52.5
Montana,2010,43.5,28.8,35.9,42666,5.6266,990898,50.4,40.1,89.9,0.06807938697687577,61.9
Nebraska,2010,43.2,28.6,35.2,48408,6.163,1830429,49.5,36.3,88.9,0.23828164658601306,46
Nevada,2010,44.800000000000004,21.7,28.3,51001,6.663,2704642,50.5,36.3,72.9,0.24618884286720327,63.1
New Hampshire,2010,42.5,32.8,38.9,61042,7.7323,1316759,49.2,41.3,94.1,1.4706223418903819,81
New Jersey,2010,46.400000000000006,35.4,40.3,67681,9.0882,8801624,48.7,39,69.3,11.967138306664697,62
New Mexico,2010,46.400000000000006,25,35.5,42090,5.7655,2065932,49.4,36.7,73.4,0.17029802111872985,62.4
New York,2010,49.9,32.5,38.5,54148,7.8726,19392283,48.4,38,65.9,4.115209771717613,72.7
North Carolina,2010,46.400000000000006,26.5,35,43326,5.9053,9561558,48.7,37.3,69.7,1.966462888107954,53.4
North Dakota,2010,43.3,27.6,34.6,48670,6.1289,674499,50.9,37.4,90,0.09776161215689104,44.3
Ohio,2010,45.2,24.6,34,45090,5.9654,11536182,48.8,38.9,83,2.8234306092246975,61.5
Oklahoma,2010,45.4,22.9,32.2,42072,5.6533,3761702,49.3,36.3,73.5,0.5483809327330943,42.9
Oregon,2010,44.9,28.8,36.2,46560,6.1552,3838957,49.5,38.5,85,0.3999081523745525,100
Pennsylvania,2010,46.1,27.1,36.1,49288,6.5878,12709630,48.7,40.2,82.6,2.8406354479985145,65.3
Rhode Island,2010,46.7,30.2,36.3,52254,6.984,1052886,48.3,39.6,81.4,10.183731181375201,69.6
South Carolina,2010,46.1,24.5,32.2,42018,5.6365,4636312,48.6,37.8,67.1,1.542131609881914,48.3
South Dakota,2010,44.2,26.3,35.3,45904,5.9391,816463,50.4,37.3,86,0.10770082642267235,47.1
Tennessee,2010,46.800000000000004,23.1,33.4,41461,5.6835,6356897,48.7,38,78.4,1.5417160592722516,46.8
Texas,2010,46.9,25.9,34.3,48615,6.6756,25257114,49.6,33.6,74.1,0.9667121102251928,50.3
Utah,2010,41.9,29.3,35.3,54744,6.8176,2776469,50.3,29.2,88.8,0.33704479600028464,58
Vermont,2010,44.4,33.6,38.5,49406,6.3768,625960,49.2,41.5,95.4,0.6791178997446639,55.3
Virginia,2010,45.9,34.2,42.1,60674,8.1608,8024617,49.1,37.5,69.5,2.0324688445216594,31.3
Washington,2010,44.1,31.1,38.5,55631,7.1739,6744496,49.8,37.2,78.7,1.0148890099225016,84.8
West Virginia,2010,45.1,17.5,30.2,38218,5.0574,1853973,49.3,41.2,93.9,0.7711664467336747,57.4
Wisconsin,2010,43,26.3,33.6,49001,6.2376,5691047,49.7,38.5,87,1.0506451024027168,52.7
Wyoming,2010,42.3,24.1,33,53512,6.671,564460,50.9,36.7,91,0.058138557834137995,67.9
Alabama,2011,47.349999999999994,22.3,32.9,41415,5.7208,4802740,48.4,38.1,69.1,0.9482747620664489,34.2
Alaska,2011,40.99,26.4,36,67825,8.2665,722718,51.6,33.9,66.8,0.012656547412758868,50.3
Arizona,2011,46,26.6,34.3,46709,6.2927,6482505,49.8,36.2,79.3,0.5703690808909243,55.8
Arkansas,2011,46.839999999999996,20.3,31.1,38758,5.3204,2937979,49.3,37.5,78.2,0.5650740603870986,42.3
California,2011,48.120000000000005,30.3,36.7,57287,8.0848,37691912,49.7,35.4,62.9,2.4183411964669177,67.2
Colorado,2011,45.879999999999995,36.7,40.1,55387,7.4852,5116796,50.2,36.2,84.4,0.4937225328447779,63.6
Connecticut,2011,48.59,36.2,40.9,65753,9.2248,3580709,48.7,40.3,77.8,7.394532464772868,60.1
Delaware,2011,44.04,28.8,37.6,58814,7.64,907135,48.5,39.1,70.2,4.655426659814634,53.4
District of Columbia,2011,53.38,52.5,60.8,63124,9.8177,617996,47.3,33.4,39.9,101.10165988116324,60
Florida,2011,48.11,25.8,33.1,44299,6.3006,19057542,48.9,41.1,76.3,3.5519714672311005,47.2
Georgia,2011,47.699999999999996,27.6,35.2,46007,6.3554,9815210,49,35.5,60.7,1.700572028090549,41
Hawaii,2011,43.01,29.1,34,61821,7.8802,1374810,50.1,38.5,25,2.1406216488254737,59.9
Idaho,2011,43.2,25.2,33.8,43341,5.6222,1584985,50.2,35,92.5,0.19178199566791293,53.7
Illinois,2011,47.18,31,36,53234,7.3068,12869259,49,36.8,72.5,2.318233494408294,56.1
Indiana,2011,44.61,23,31.9,46438,6.0278,6516922,49.2,37.1,84.6,1.8190393649415086,47.9
Iowa,2011,43.4,25.8,33.8,49427,6.2876,3062309,49.4,38.1,91.5,0.5482759018674587,41.8
Kansas,2011,44.42,30.1,36.3,48964,6.4545,2871238,49.6,36.3,85.1,0.3511849692536373,43.9
Kentucky,2011,47.089999999999996,21.1,32.9,41141,5.6104,4369356,49.1,38.2,87.8,1.1063988694534155,39.7
Louisiana,2011,48.36,21.1,31.1,41734,5.8822,4574836,48.9,35.9,62.8,1.058727026045962,34.7
Maine,2011,45.09,28.4,35.1,46033,6.08,1328188,49,43.2,95.2,0.43060031391809084,71.3
Maryland,2011,44.66,36.9,43.7,70004,9.0925,5828289,48.4,38,58.6,6.00159185354109,58.3
Massachusetts,2011,47.71,39.1,43.3,62859,8.6009,6587536,48.4,39.3,80.5,8.44452108002699,62.8
Michigan,2011,46.12,25.6,34.6,45981,6.1926,9876187,49.1,39.2,79.3,1.744652175680133,52.8
Minnesota,2011,44.36,32.4,38.7,56954,7.3578,5344861,49.7,37.6,85.7,0.6712384280378769,48.8
Mississippi,2011,47.349999999999994,19.8,31.1,36919,5.1355,2978512,48.6,36.1,59.4,0.6347454020988552,29.9
Missouri,2011,46.11,26.1,34.5,45247,6.1431,6010688,49,38,83,0.8743277962180593,48.9
Montana,2011,43.51,28.2,34.3,44222,5.6992,998199,50.1,39.7,89.3,0.0685810002653456,57.8
Nebraska,2011,44.67,27.9,34,50296,6.5532,1842641,49.5,36.3,88.2,0.2398713807238072,41.3
Nevada,2011,45.26,22.5,27.2,48927,6.572,2723322,50.4,36.7,71.5,0.24788918161250093,51.4
New Hampshire,2011,43.47,33.4,39.8,62647,7.9706,1318194,49.4,41.5,94.1,1.4722250216978583,65.7
New Jersey,2011,46.94,35.3,40.4,67458,9.1868,8821155,48.7,39.2,69.2,11.993693653526535,53.7
New Mexico,2011,48.209999999999994,25.6,35.5,41963,5.9314,2082224,49.8,36.6,71.7,0.17164099627960946,55.3
New York,2011,50.33,32.9,38.1,55246,8.0244,19465197,48.5,38.1,65.3,4.1306827516290046,60.4
North Carolina,2011,47.160000000000004,26.9,35.6,43916,6.0939,9656401,48.5,37.7,70.1,1.9859686255303302,48.7
North Dakota,2011,44.48,26.3,34.6,51704,6.6005,683932,50.3,36.6,89.8,0.09912882736028786,36.8
Ohio,2011,45.94,24.7,34.2,45749,6.1204,11544951,48.9,39.1,82.9,2.825576784017388,52.7
Oklahoma,2011,46.129999999999995,23.8,32.9,43225,5.8515,3791508,49.5,36.3,73.6,0.552726051533319,39.9
Oregon,2011,45.86,29.3,36,46816,6.2778,3871859,49.4,38.7,84.7,0.40333558801121827,100
Pennsylvania,2011,46.11,27,35.7,50228,6.7298,12742886,48.8,40.3,82.3,2.8480682507204382,56.8
Rhode Island,2011,46.739999999999995,31.1,37.2,53636,7.2229,1051302,48.4,39.5,81.7,10.168410405724943,63.3
South Carolina,2011,46.48,24.1,31.6,42367,5.7552,4679230,48.6,38,67,1.5564070090424778,38.4
South Dakota,2011,43.24,26.3,34.8,48321,6.1224,824082,49.8,37.1,85.9,0.1087058598369414,40
Tennessee,2011,47.56,23.6,33.1,41693,5.84,6403353,48.7,38.3,77.9,1.552982870933594,45.3
Texas,2011,47.71,26.4,34.7,49392,6.8936,25674681,49.6,33.7,74.6,0.9826944222078842,42.5
Utah,2011,42.49,29.7,36,55869,6.955,2817222,50.3,29.6,88.3,0.341991938061442,50.6
Vermont,2011,43.08,35.4,40.5,52776,6.7201,626431,49.2,42,95.2,0.6796288981004369,82.1
Virginia,2011,46.32,35.1,42.3,61882,8.4041,8096604,49.1,37.6,69.4,2.0507016567182514,51.6
Washington,2011,44.49,31.9,38.5,56835,7.4186,6830038,49.9,37.3,78.4,1.027761081562368,76.5
West Virginia,2011,47.21,18.5,32,38482,5.3269,1855364,49.3,41.4,93.9,0.7717450379685021,42.1
Wisconsin,2011,43.7,26.5,33.5,50395,6.4439,5711767,49.6,38.7,87.2,1.0544702977528488,51
Wyoming,2011,40.81,24.7,31.3,56322,6.8886,568158,50.9,36.8,90.7,0.058519446447805296,53.2
Alabama,2012,47.260000000000005,23.3,32.7,41574,5.7372,4822023,48.5,38.2,69.1,0.9520820850189566,29.7
Alaska,2012,42.32,28,36.8,67712,8.4738,731449,52.1,33.8,66.5,0.012809448427346574,59.1
Arizona,2012,46.08,27.3,34.9,47826,6.4841,6553255,49.8,36.6,78.8,0.5765940837984473,58.3
Arkansas,2012,46.32,21,31.2,40112,5.4116,2949131,49.1,37.6,78.3,0.567218972219837,38.7
California,2012,48.22,30.9,36.8,58328,8.2159,38041430,49.7,35.5,62.1,2.440766532127967,67.5
Colorado,2012,45.79,37.5,40,56765,7.6489,5187582,50.1,36.2,84.4,0.500552713920973,66.1
Connecticut,2012,49.15,37.1,41.5,67276,9.4796,3590347,48.7,40.4,78.1,7.414435926320701,52.9
Delaware,2012,43.56,29.5,36.7,58415,7.446,917092,48.5,39.2,69.7,4.706526091819545,48.5
District of Columbia,2012,53.43,53,59.9,66583,10.216,632323,47.3,33.7,39.6,103.44549945474857,55.6
Florida,2012,48.28,26.8,33.7,45040,6.4229,19317568,48.9,41.1,76.3,3.6004354786307986,47.1
Georgia,2012,48.089999999999996,28.2,35.5,47209,6.5623,9919945,48.9,35.7,60.4,1.7187182940758987,42.8
Hawaii,2012,42.57,30.1,33.3,66259,8.1812,1392313,50.4,38.3,24.9,2.1678743606324815,55.5
Idaho,2012,43.02,25.5,32.8,45489,5.8716,1595728,50.1,35.2,91.4,0.1930818906066413,53.8
Illinois,2012,47.160000000000004,31.6,36.1,55137,7.5201,12875255,49.1,37,72.7,2.319313597624219,53.9
Indiana,2012,44.17,23.4,31.2,46974,6.1272,6537334,49.2,37.3,84.3,1.8247368754406654,49
Iowa,2012,43.28,26.3,34.1,50957,6.4524,3074186,49.6,38,91.7,0.5504023603295145,38.8
Kansas,2012,44.96,30.4,35.4,50241,6.6618,2885905,49.7,36,85.5,0.35297890968770895,39.4
Kentucky,2012,46.67,21.8,32.3,41724,5.6738,4380415,49.2,38.4,87.8,1.10919920549774,36.9
Louisiana,2012,48.59,22,31.9,42944,6.0911,4601893,48.9,36,62.8,1.0649886662760655,31.7
Maine,2012,44.5,28,33.9,46709,6.1137,1329192,49,43.5,95.1,0.430925812051769,68.8
Maryland,2012,44.73,36.9,44.2,71122,9.2805,5884563,48.4,38.1,58.1,6.059539148187285,60.5
Massachusetts,2012,48.13,39.3,43.3,65339,8.9273,6646144,48.4,39.5,80.1,8.519650307625627,64.8
Michigan,2012,46.239999999999995,26,34.1,46859,6.3031,9883360,49.1,39.5,79.3,1.745919303373863,47.8
Minnesota,2012,44.41,33.2,39.1,58906,7.6261,5379139,49.6,37.6,85.5,0.6755432567015751,46.4
Mississippi,2012,48.699999999999996,20.7,30.8,37095,5.2677,2984926,48.3,36.2,59.3,0.6361122782467646,27.7
Missouri,2012,46.08,26.4,34.5,45321,6.1301,6021988,49,38.2,82.7,0.8759715188829628,46.2
Montana,2012,45.019999999999996,29.4,36.5,45076,5.9991,1005141,50.1,40.2,89.2,0.06905794855305379,52.8
Nebraska,2012,43.39,29,35.4,50723,6.5121,1855525,49.7,36.3,88.1,0.2415485944997112,39
Nevada,2012,45.16,22.4,27.1,49760,6.6044,2758931,50.4,36.8,69.7,0.25113047510186415,55.6
New Hampshire,2012,42.980000000000004,34.6,39.9,63280,8.0571,1320718,49.1,41.9,94,1.4750439511989524,61
New Jersey,2012,47.18,36.2,40.3,69667,9.4083,8864590,48.7,39.4,68.9,12.052750101785398,54.9
New Mexico,2012,47.13,26.1,35.6,42558,5.9281,2085538,49.6,36.8,71.9,0.17191417450715396,52.9
New York,2012,50.09,33.4,38.5,56448,8.1441,19570261,48.5,38.1,65.2,4.15297823893474,57.3
North Carolina,2012,46.910000000000004,27.4,35.6,45150,6.1807,9752073,48.7,37.8,69.9,2.005644857942565,49.6
North Dakota,2012,45.97,27.9,34.2,53585,7.2495,699628,51.1,36.2,89.5,0.10140379924966732,35.5
Ohio,2012,46.150000000000006,25.2,34,46829,6.2775,11544225,48.9,39.3,82.7,2.8253990986599367,51
Oklahoma,2012,46.43,23.8,32.3,44312,6.0298,3814820,49.5,36.3,73.5,0.5561244749873495,36.9
Oregon,2012,45.65,29.9,36.1,49161,6.4918,3899353,49.6,38.9,85.2,0.40619966665064716,100
Pennsylvania,2012,46.42,27.8,36.3,51230,6.934,12763536,48.8,40.5,81.9,2.8526835795695997,55.7
Rhode Island,2012,46.47,31.4,35.8,54554,7.2656,1050292,48.3,39.8,81.7,10.158641476806533,60.7
South Carolina,2012,46.839999999999996,25.1,32.8,43107,5.9042,4723723,48.6,38.3,67,1.5712062852168327,37.7
South Dakota,2012,43.35,26.3,35.2,48362,6.2807,833354,50.1,36.7,85.4,0.1099289428947052,34.4
Tennessee,2012,47.32,24.3,33.6,42764,5.9547,6456243,48.7,38.2,78,1.565810098175896,43.6
Texas,2012,47.67,26.7,34.2,50740,7.073,26059203,49.7,33.9,75,0.997411941954915,43.2
Utah,2012,42.44,30.7,36.8,57049,7.1875,2855287,50.3,29.9,88.1,0.3466127748724242,52.9
Vermont,2012,43.919999999999995,35.8,40.6,52977,6.8644,626011,49.4,42.4,95.1,0.6791732307768176,81.1
Virginia,2012,46.61,35.5,41.9,61741,8.4641,8185867,49,37.5,69.2,2.0733101209563003,53.1
Washington,2012,44.98,31.7,38.1,57573,7.5819,6897012,49.9,37.5,78.3,1.037839103189269,80
West Virginia,2012,46.379999999999995,18.6,31.5,40196,5.3889,1855413,49.1,41.5,93.7,0.7717654196870547,40.2
Wisconsin,2012,44.01,27.1,34.5,51059,6.6021,5726398,49.6,38.8,86.7,1.0571713804346918,50.3
Wyoming,2012,41.660000000000004,24.7,31.6,54901,6.8218,576412,50.8,36.9,90.9,0.05936959642541748,50.5
Alabama,2013,47.52,23.5,33.3,42849,5.9294,4833722,48.4,38.3,68.9,0.9543919886242768,38.2
Alaska,2013,40.83,28,35.8,72237,8.8758,735132,52.6,33.1,66.4,0.01287394670208332,78.7
Arizona,2013,46.81,27.4,35.1,48510,6.6389,6626624,49.8,36.8,79,0.5830495217959324,73.2
Arkansas,2013,46.85,20.6,31.9,40511,5.5547,2959373,49.4,37.8,77.9,0.5691888598624936,46.1
California,2013,49.03,31,36.9,60190,8.5707,38332521,49.8,35.7,61.9,2.4594431478756835,84.8
Colorado,2013,46.14,37.8,40.1,58823,7.9381,5268367,50.2,36.4,83.8,0.508347704148425,87.7
Connecticut,2013,49.94,37.2,40.4,67098,9.7801,3596080,48.7,40.5,77.3,7.426275161126028,76.3
Delaware,2013,45.129999999999995,29.8,38.6,57846,7.6995,925749,48.4,39.1,68.9,4.750953909723182,63.4
District of Columbia,2013,53.2,55.1,61.7,67572,10.2882,646449,47.4,33.8,40.9,105.75645623680106,84
Florida,2013,48.43,27.2,33.6,46036,6.5728,19552860,48.9,41.5,76.2,3.644289532341804,59.6
Georgia,2013,48.370000000000005,28.3,35.6,47829,6.7134,9992167,48.8,35.9,60.4,1.73123139496857,51.9
Hawaii,2013,44,31.2,34.2,68020,8.6783,1404054,50.6,38.1,25.6,2.186155460405439,71.2
Idaho,2013,43.76,26.2,33,46783,6.0665,1612136,50.3,35.7,91.5,0.19506724629449898,65.8
Illinois,2013,48.24,32.1,36.6,56210,7.8009,12882135,49.1,37.2,72.7,2.3205529422082027,67.1
Indiana,2013,45.540000000000006,23.8,32.1,47529,6.3249,6570902,49.1,37.3,84.2,1.83410656152903,59.1
Iowa,2013,44.29,26.4,34.3,52229,6.8075,3090416,49.5,38,91.4,0.5533081800515964,47.1
Kansas,2013,45.89,31.1,37.4,50972,6.8827,2893957,49.8,36,85.6,0.353963760603039,47.2
Kentucky,2013,47.21,22.6,32.7,43399,5.9323,4395295,49.2,38.5,87.7,1.1129670868920385,47.4
Louisiana,2013,49.14,22.5,32.1,44164,6.3132,4625470,48.8,36,62.9,1.0704449508495641,44.1
Maine,2013,45.32,28.2,34.6,46974,6.2579,1328302,48.9,44,94.9,0.43063727286952436,85.5
Maryland,2013,45.550000000000004,37.4,44.5,72483,9.6032,5928814,48.5,38.2,57.6,6.105105941651206,73.3
Massachusetts,2013,48.370000000000005,40.3,44,66768,9.1842,6692824,48.5,39.4,79.6,8.57948910683912,80.2
Michigan,2013,46.410000000000004,26.9,34.4,48273,6.5134,9895622,49.1,39.6,79.1,1.7480854151514333,69.9
Minnesota,2013,44.62,33.5,38.8,60702,7.8537,5420380,49.6,37.7,84.8,0.6807225390085817,61.7
Mississippi,2013,47.910000000000004,20.4,30.5,37963,5.278,2991207,48.5,36.6,59,0.6374508110008993,32.5
Missouri,2013,46.050000000000004,27,34.8,46931,6.3241,6044171,49,38.1,82.8,0.8791983064825696,57.1
Montana,2013,46.2,29,34.8,46972,6.2831,1015165,49.9,39.6,89.1,0.06974664484172952,67.2
Nebraska,2013,44.45,29.4,35.7,51440,6.7854,1868516,49.5,36.3,88.3,0.24323973732513565,50.5
Nevada,2013,45.43,22.5,28,51230,6.7949,2790136,50.3,37.1,68.3,0.2539708964373574,74
New Hampshire,2013,43.87,34.6,39,64230,8.2393,1323459,49.3,42.3,93.4,1.4781052371587382,79.9
New Jersey,2013,48,36.6,40.4,70165,9.6963,8899339,48.8,39.4,68.2,12.099996620043653,70.7
New Mexico,2013,47.589999999999996,26.4,34.7,43872,6.06,2085287,49.6,36.9,75.3,0.17189348418273828,67.7
New York,2013,50.980000000000004,34.1,39.2,57369,8.4973,19651127,48.5,38.2,64.6,4.170138701857013,79.2
North Carolina,2013,47.65,28.4,35.9,45906,6.4106,9848060,48.7,37.9,69.2,2.025385874337678,63.1
North Dakota,2013,45.5,27.1,34.3,55759,7.3806,723393,51,35.5,89,0.10484828873431966,45.4
Ohio,2013,46.52,26.1,34.9,48081,6.5129,11570808,48.9,39.3,82.5,2.831905172843321,69
Oklahoma,2013,46.19,23.8,32.5,45690,6.2014,3850568,49.5,36.2,73.1,0.5613358185715416,45.3
Oregon,2013,46,30.7,36.7,50251,6.7494,3930065,49.5,39.1,85.8,0.40939896770448214,80.4
Pennsylvania,2013,46.96,28.7,36.5,52007,7.1597,12773801,48.9,40.6,81.6,2.854977833837718,69.5
Rhode Island,2013,47.69,32.4,36.8,55902,7.682,1051511,48.8,39.9,80.5,10.170431896956575,71.7
South Carolina,2013,46.650000000000006,26.1,32.8,44163,5.9927,4774839,48.6,38.6,67.2,1.5882085058117201,52.1
South Dakota,2013,44.269999999999996,26.6,33.6,48947,6.4346,844877,50.2,36.6,85.1,0.11144895864908533,45.4
Tennessee,2013,47.83,24.8,33.7,44297,6.2157,6495978,48.9,38.5,77.9,1.5754468891472115,55.3
Texas,2013,48.07,27.5,34.9,51704,7.3422,26448193,49.7,34,75,1.0123004737070582,50.5
Utah,2013,42.59,31.3,37,59770,7.5223,2900872,50.3,30.2,87.4,0.3521464894666347,68.5
Vermont,2013,45.37,35.7,39.5,52578,6.977,626630,49.3,42.5,95,0.6798447976180566,99.6
Virginia,2013,46.72,36.1,42.2,62666,8.6618,8260405,49.2,37.6,69.3,2.0921890484780694,69.4
Washington,2013,45.72,32.7,38.5,58405,7.8093,6971406,49.9,37.4,78,1.049033661389641,98.5
West Virginia,2013,46.47,18.9,30.9,41253,5.5787,1854304,49.4,41.7,93.7,0.7713041273222642,48.5
Wisconsin,2013,44.46,27.7,33.9,51467,6.7292,5742713,49.7,39,86.6,1.0601833525455708,61.7
Wyoming,2013,41.83,26.6,34.1,58752,7.178,582658,51.1,36.6,90.7,0.06001292532778794,61.7
Alabama,2014,47.58,23.5,32.9,42830,5.9464,4849377,48.4,38.6,68.5,0.9574829828067957,35.9
Alaska,2014,41.75,28,35.8,71583,8.9094,736732,52.3,33.3,65.6,0.012901966587931484,69
Arizona,2014,46.760000000000005,27.6,35.1,50068,6.8103,6731484,49.7,36.9,78.3,0.5922757239850894,68.2
Arkansas,2014,47.14,21.4,32.4,41262,5.7693,2966369,49.1,37.8,78.3,0.5705344304491002,42
California,2014,48.9,31.7,37.6,61933,8.8595,38802500,49.6,36,61.4,2.489597351174639,83.4
Colorado,2014,45.839999999999996,38.3,40.3,61303,8.2295,5355866,50.3,36.3,84.4,0.5167905320237957,77.4
Connecticut,2014,50.05,38,42.5,70048,10.0948,3596677,48.8,40.5,76.8,7.427508027544792,69.7
Delaware,2014,44.940000000000005,30.6,38.8,59716,7.8773,935614,48.5,39.6,69.2,4.801581196730155,64.8
District of Columbia,2014,52.239999999999995,55,60,71648,10.3525,658893,47.4,33.8,40.2,107.79224458423568,80.1
Florida,2014,48.339999999999996,27.3,34.2,47463,6.751,19893297,48.9,41.6,76,3.707740658955601,59.9
Georgia,2014,48.010000000000005,29.1,36.1,49321,6.882,10097343,48.7,36.1,59.9,1.7494540681081614,48.2
Hawaii,2014,43.25,31,34.2,69592,8.6866,1419561,50.5,38.1,25.4,2.210300338540117,72.5
Idaho,2014,45.410000000000004,25,33.4,47861,6.4115,1634464,50,35.9,91.7,0.19776891754014053,59.9
Illinois,2014,47.65,32.8,37.1,57444,7.9379,12880580,49.1,37.5,72.1,2.320272828715747,63.4
Indiana,2014,44.55,24.7,32.9,49446,6.4422,6596855,49.2,37.4,84.1,1.8413507066389954,54.7
Iowa,2014,44.330000000000005,27.7,35.1,53712,6.9618,3107126,49.7,38.2,91.3,0.5562999389891188,43.9
Kansas,2014,45.97,31.5,36.9,52504,7.1045,2904021,49.8,36.2,84.9,0.3551947019358608,42.9
Kentucky,2014,47.04,22.2,32.9,42958,5.9057,4413457,49.3,38.5,87.4,1.117566029222902,45.4
Louisiana,2014,49.02,22.9,32.3,44555,6.3728,4649676,48.9,36.1,62.8,1.0760468011437536,41.1
Maine,2014,45.93,29.4,35.8,49462,6.5842,1330089,48.7,44.1,94.8,0.4312166206433121,86.3
Maryland,2014,44.91,38.2,44.7,73971,9.7016,5976407,48.5,38.3,57.4,6.154114108728298,71.7
Massachusetts,2014,48.63,41.2,44.7,69160,9.5404,6745408,48.5,39.4,79.3,8.646896206621518,77.7
Michigan,2014,45.98,27.4,35.2,49847,6.6794,9909877,49.1,39.6,78.9,1.7506035951701309,64.3
Minnesota,2014,45.39,34.3,40.4,61481,8.1824,5457173,49.7,37.8,84.4,0.6853432158573899,62.8
Mississippi,2014,47.599999999999994,21.1,31.1,39680,5.4887,2994079,48.7,36.7,58.8,0.6380628578198572,33.9
Missouri,2014,46.28,27.5,36,48363,6.5169,6063589,49,38.5,82.3,0.8820228911469147,52.2
Montana,2014,45.440000000000005,29.3,36.1,46328,6.2309,1023579,50.2,39.6,89.4,0.07032472650303415,61.7
Nebraska,2014,43.519999999999996,29.5,36,52686,6.8359,1881503,49.8,36.2,88.3,0.24493035943842856,44.5
Nevada,2014,44.269999999999996,23.1,27.6,51450,6.7029,2839099,50.3,37.4,68,0.25842773187558055,72.3
New Hampshire,2014,44.1,35,39.4,66532,8.6622,1326813,49.4,42.5,93.4,1.4818511521930764,72.6
New Jersey,2014,47.57,37.4,41.2,71919,9.9055,8938175,48.8,39.4,67.7,12.152800032604521,67.4
New Mexico,2014,47.699999999999996,26.4,35.2,44803,6.147,2085572,49.5,37.2,73.1,0.1719169771805808,62.8
New York,2014,51.11,34.5,39.6,58878,8.6563,19746227,48.5,38.2,64,4.190319742392072,76.8
North Carolina,2014,47.48,28.7,36.1,46556,6.5099,9943964,48.7,38.3,69.1,2.0451098206674603,57.7
North Dakota,2014,46.64,27.4,35.9,59029,7.9136,739482,50.9,35.1,88.5,0.10718022188469085,43.3
Ohio,2014,46.37,26.6,35.6,49308,6.6252,11594163,49,39.4,82.1,2.8376212079993577,61.4
Oklahoma,2014,46.6,24.2,34.1,47529,6.4584,3878051,49.5,36.2,72.9,0.5653422904223963,47.7
Oregon,2014,46.239999999999995,30.8,37.1,51075,6.921,3970239,49.5,39.3,84.6,0.4135839351613969,66.7
Pennsylvania,2014,46.86,29,36.9,53234,7.3112,12787209,48.9,40.7,81.4,2.857974556801861,67.5
Rhode Island,2014,48.27,30.4,36.3,54891,7.7146,1055173,48.5,39.8,81.3,10.205851518440948,69.3
South Carolina,2014,46.87,26.3,33,45238,6.1903,4832482,48.7,38.8,67.3,1.6073817392758232,49.3
South Dakota,2014,44.68,27.8,36.4,50979,6.658,853175,50.1,36.6,84.9,0.11254355994474151,38.9
Tennessee,2014,48.11,25.3,33.3,44361,6.2734,6549352,48.7,38.6,77.6,1.5883914992215287,52.9
Texas,2014,48.27,27.8,35.3,53035,7.5557,26956958,49.7,34.3,75.2,1.0317733749561366,52.4
Utah,2014,42.83,31.1,36.9,60922,7.7413,2942902,50.3,30.5,87.3,0.3572486508002898,62.6
Vermont,2014,44.06,34.9,40.2,54166,6.9973,626562,49.2,42.8,94.5,0.6797710229085182,100
Virginia,2014,46.58,36.7,42.9,64902,8.8457,8326289,49.2,37.7,68.9,2.1088760975113705,50.1
Washington,2014,45.42,33.1,39.4,61366,8.1218,7061530,50,37.5,77.7,1.0625952169351192,91.5
West Virginia,2014,45.46,19.2,31.8,41059,5.4877,1850326,49.4,41.9,93.6,0.7696494645385523,45.4
Wisconsin,2014,43.97,28.4,35,52622,6.8953,5757564,49.6,39.2,86.3,1.0629250502359575,58.1
Wyoming,2014,42.699999999999996,26.6,32.7,57055,7.2305,584153,50.9,36.6,91,0.060166908150241324,49.7
Alabama,2015,48.11,24.2,33.9,44765,6.2307,4858979,48.4,38.7,68.5,0.9593788452239496,35.2
Alaska,2015,43.22,29.7,36.4,73355,9.2876,738432,52.6,33.3,65.2,0.01293173771664516,68.6
Arizona,2015,47.02,27.7,34.6,51492,7.0638,6828065,49.6,37.4,77.4,0.600773490851683,77.8
Arkansas,2015,47.73,21.8,32.1,41995,5.9275,2978204,49.1,37.9,77.5,0.5728107065915374,41.2
California,2015,48.76,32.3,37.7,64500,9.1757,39144818,49.7,36.2,60.9,2.511560729463651,87.8
Colorado,2015,45.800000000000004,39.2,41.2,63909,8.5915,5456574,50.2,36.4,84.4,0.5265079037614478,83.6
Connecticut,2015,49.16,38.3,42.4,71346,10.1347,3590886,48.8,40.6,76.5,7.415549016772484,72.3
Delaware,2015,45.23,30.9,40,61255,8.112,945934,48.4,39.7,69.2,4.854543548672575,63.7
District of Columbia,2015,53.54,56.7,61.8,75628,11.46,672228,47.6,33.8,40,109.97379694786798,79.1
Florida,2015,48.72,28.4,34.5,49426,7.0462,20271272,48.8,41.8,75.8,3.778188170776731,65.7
Georgia,2015,48.010000000000005,29.9,36.4,51244,7.1555,10214860,48.7,36.4,59.5,1.769814928754558,54
Hawaii,2015,43.46,31.4,33.6,73486,9.2496,1431603,50.6,37.7,26,2.229050104613361,73.3
Idaho,2015,45.25,26,33.7,48275,6.3921,1654930,50,35.8,91.5,0.20024528818297913,59.1
Illinois,2015,48.17,32.9,37.5,59588,8.2699,12859995,49.1,37.7,71.8,2.316564702514977,64.9
Indiana,2015,45.190000000000005,24.9,32.9,50532,6.7065,6619680,49.1,37.5,84,1.847721747063415,57.3
Iowa,2015,43.93,26.8,34.4,54736,7.0036,3123899,49.6,38.1,90.5,0.5593029774486677,44.8
Kansas,2015,45.96,31.7,37.3,53906,7.3069,2911641,49.8,36.2,84.7,0.35612671435200766,37.9
Kentucky,2015,47.81,23.3,33.2,45215,6.2596,4425092,49.1,38.8,87.4,1.120512218740554,48.9
Louisiana,2015,49.09,23.2,33.7,45727,6.4895,4670724,48.9,36.4,62.4,1.080917814321978,41.4
Maine,2015,45.23,30.1,36.5,51494,6.7135,1329328,49,44.6,94.6,0.4309699034324266,76.8
Maryland,2015,45.24,38.8,44.7,75847,9.9957,6006401,48.5,38.3,56.5,6.184999973525859,75.8
Massachusetts,2015,48.480000000000004,41.5,44.9,70628,9.7586,6794422,48.5,39.4,79.1,8.709726945795687,84.7
Michigan,2015,46.67,27.8,35.2,51084,6.9492,9922576,49.2,39.7,78.6,1.7528469040482395,63.9
Minnesota,2015,44.92,34.7,40.2,63488,8.3488,5489594,49.7,37.9,84.1,0.6894148317657205,64.6
Mississippi,2015,47.589999999999996,20.8,30.8,40593,5.5495,2992333,48.4,37,58.8,0.6376907708609781,34.2
Missouri,2015,46.339999999999996,27.8,35.4,50238,6.8065,6083672,49,38.4,82.4,0.8849442081627782,54.5
Montana,2015,46.23,30.6,38.1,49509,6.611,1032949,50.2,39.9,88.9,0.07096848989338646,61.6
Nebraska,2015,44.73,30.2,36.6,54996,7.2308,1896190,49.7,36.1,88.2,0.2468422842076541,42.9
Nevada,2015,45.48,23.6,27.4,52431,7.0576,2890845,50.1,37.8,67.5,0.2631378886589945,74.1
New Hampshire,2015,43.47,35.7,40.1,70303,8.9735,1330608,49.4,42.8,93.6,1.4860895980950783,71.2
New Jersey,2015,48.32,37.6,41.3,72222,10.1061,8958013,48.8,39.6,67.7,12.179772792373356,72.8
New Mexico,2015,47.949999999999996,26.5,34.5,45382,6.2747,2085109,49.6,37.4,73.4,0.17187881136303307,60.7
New York,2015,51.38,35,39.9,60850,8.9908,19795791,48.6,38.3,63.8,4.200837650836654,75.2
North Carolina,2015,47.760000000000005,29.4,36.6,47830,6.7516,10042802,48.8,38.4,69.1,2.065437183523473,58.6
North Dakota,2015,46.64,29.1,35.3,60557,8.146,756928,51.3,34.9,88.2,0.10970883806601821,45.7
Ohio,2015,46.37,26.8,35.7,51075,6.888,11613423,48.9,39.3,82,2.8423350096309257,66.8
Oklahoma,2015,47.02,24.6,33.6,48568,6.626,3911338,49.6,36.3,72.6,0.5701948694166618,54.3
Oregon,2015,46.22,32.2,37.7,54148,7.3144,4028977,49.4,39.1,85.2,0.4197027338492115,87.6
Pennsylvania,2015,46.85,29.7,37.4,55702,7.5981,12802503,48.9,40.7,81.1,2.8613928056841407,68.7
Rhode Island,2015,47.32,32.7,38.2,58073,7.8295,1056298,48.4,39.7,80.4,10.216732751147099,69.2
South Carolina,2015,46.98,26.8,33.8,47238,6.4352,4896146,48.7,39,67.2,1.6285576797240768,45.8
South Dakota,2015,44.36,27.5,33.8,53017,6.8723,858469,50.3,36.9,84.6,0.11324189921434911,42.2
Tennessee,2015,47.89,25.7,34.3,47275,6.6009,6600299,48.7,38.7,77.7,1.600747497450184,51.8
Texas,2015,48.230000000000004,28.4,35.3,55653,7.8862,27469114,49.6,34.4,74.9,1.0513760662028284,51.1
Utah,2015,42.52,31.8,36.7,62912,7.986,2995919,50.3,30.6,87.2,0.36368456056537163,65.3
Vermont,2015,44.519999999999996,36.9,41.1,56990,7.4502,626042,49.3,43.1,94.7,0.6792068633649896,100
Virginia,2015,46.81,37,43,66262,9.0556,8382993,49.2,37.8,68.2,2.123238043179277,44.3
Washington,2015,45.61,34.2,39.8,64129,8.5653,7170351,50,37.5,76.9,1.0789702339784648,97.3
West Virginia,2015,45.81,19.6,33.5,42019,5.6568,1844128,49.3,42.2,93.4,0.7670713851183799,47.7
Wisconsin,2015,44.1,28.4,35.2,55638,7.2099,5771337,49.7,39.4,86,1.0654677343844794,56.8
Wyoming,2015,43.74,26.2,31.5,60214,7.6934,586107,50.3,36.5,91.5,0.06036816730413691,57.7
Alabama,2016,48.47,24.7,34.2,46257,6.4632,4863300,48.4,39,68.2,0.9602320030561222,36.6
Alaska,2016,40.81,29.6,37.2,76440,9.3312,741894,52.6,33.5,64.4,0.012992365744649126,61.8
Arizona,2016,47.13,28.9,36.1,53558,7.4053,6931071,49.7,37.5,75.8,0.6098365671695957,70.7
Arkansas,2016,47.19,22.4,33.5,44334,6.1167,2988248,49.2,38,76.6,0.5747425120477806,39.3
California,2016,48.99,32.9,38.3,67739,9.6961,39250017,49.7,36.4,59.7,2.5183103757943313,86.2
Colorado,2016,45.86,39.9,41.7,65685,8.8246,5540545,50.4,36.7,84,0.5346103129263841,75
Connecticut,2016,49.45,38.6,42.8,73433,10.5255,3576452,48.8,40.9,76.7,7.385741321816952,69.8
Delaware,2016,45.22,31,39.9,61757,8.1349,952065,48.3,40.6,69.2,4.886007907176352,52.6
District of Columbia,2016,54.2,56.8,61.4,75506,11.4432,681170,47.5,33.9,40.7,111.43667218113382,77.8
Florida,2016,48.52,28.6,34.3,50860,7.2784,20612439,48.9,42.1,75.6,3.8417753558166923,63.8
Georgia,2016,48.13,30.5,36.4,53559,7.5363,10310371,48.7,36.5,58.7,1.7863630550783918,55.8
Hawaii,2016,44.2,31.9,33.6,74511,9.5904,1428557,50.3,38.9,25.1,2.2243073884981723,75.4
Idaho,2016,45.03,27.6,35,51807,6.8006,1683140,50,36.1,89.7,0.20365867701491872,49.8
Illinois,2016,48.1,34,37.6,60960,8.4561,12801539,49.1,37.9,71.3,2.306034596846179,65
Indiana,2016,45.269999999999996,25.6,33.1,52314,6.9612,6633053,49.3,37.6,83.5,1.8514544928945549,49
Iowa,2016,44.51,28.4,36.1,56247,7.3644,3134693,49.7,38,90.4,0.561235535555886,46.9
Kansas,2016,45.5,32.8,38.1,54935,7.3385,2907289,49.8,36.5,84.6,0.3555944153972739,46.4
Kentucky,2016,48.13,23.4,33.4,46659,6.4852,4436974,49.1,38.7,87.1,1.123520953063609,45.9
Louisiana,2016,49.9,23.4,33.4,45146,6.5696,4681666,49,36.5,62,1.0834500561594984,43.5
Maine,2016,45.190000000000005,30.1,37.2,53079,7.0392,1331479,48.9,44.5,94.4,0.43166726048973914,76.8
Maryland,2016,44.99,39.3,45.1,78945,10.2402,6016447,48.5,38.5,56.5,6.195344689060843,70.1
Massachusetts,2016,47.86,42.7,45.6,75297,10.1911,6811779,48.5,39.5,78.5,8.731976775229032,74.8
Michigan,2016,46.949999999999996,28.3,35.8,52492,7.2581,9928300,49.2,39.7,78.5,1.753858062408606,63.5
Minnesota,2016,44.96,34.8,40,65599,8.6415,5519952,49.8,37.9,83.3,0.6932273642522294,61.6
Mississippi,2016,48.28,21.8,31.2,41754,5.8974,2988726,48.2,37.2,58.5,0.636922089497475,28.2
Missouri,2016,46.46,28.5,35.6,51746,7.0871,6093000,49.1,38.4,82.3,0.8863010794033288,52.4
Montana,2016,46.67,31,36.3,50027,6.9308,1042520,50.5,40.1,89,0.07162606293597579,54
Nebraska,2016,44.769999999999996,31.4,36.7,56927,7.4586,1907116,49.8,36.3,87.8,0.2482646093951368,49.9
Nevada,2016,45.769999999999996,23.5,28.9,55180,7.3383,2940058,50.1,37.9,66.9,0.2676174802367426,78.4
New Hampshire,2016,43.04,36.6,39.9,70936,9.091,1334795,49.8,42.7,93.4,1.490765849212781,69.7
New Jersey,2016,48.13,38.6,42.1,76126,10.5185,8944469,48.9,39.5,68.1,12.161357677023569,71
New Mexico,2016,47.69,27.2,35.9,46748,6.4515,2081015,49.5,37.7,74,0.17154133650981426,62.7
New York,2016,51.29,35.7,40.3,62909,9.3373,19745289,48.5,38.4,63.5,4.190120690698888,77.5
North Carolina,2016,47.8,30.4,37.1,50584,7.0544,10146788,48.6,38.7,68.9,2.086823301756798,57.7
North Dakota,2016,45.33,29.6,36.1,60656,7.9185,757953,51.5,35,87.2,0.10985740115130196,46.2
Ohio,2016,46.800000000000004,27.5,36,52334,7.1456,11614373,49,39.3,81.6,2.842567518018776,57.7
Oklahoma,2016,46.45,25.2,34.1,49176,6.6547,3923561,49.5,36.4,72.4,0.5719767384059642,44.9
Oregon,2016,45.83,32.7,38.8,57532,7.746,4093465,49.5,39.2,84.4,0.42642051603075976,100
Pennsylvania,2016,46.89,30.8,38,56907,7.8053,12784227,49,40.6,80.9,2.8573080720256767,65.9
Rhode Island,2016,47.81,34.1,39.3,60596,8.1215,1056426,48.4,40.2,80.5,10.217970793623886,64.6
South Carolina,2016,47.349999999999994,27.2,33.9,49501,6.7889,4961119,48.5,39.1,67.4,1.6501690201793473,45.3
South Dakota,2016,44.95,28.9,36.7,54467,7.1385,865454,50.3,36.8,84.7,0.11416330076293413,41.1
Tennessee,2016,47.9,26.1,34.4,48547,6.8104,6651194,48.8,38.6,77.8,1.613090884300193,51.1
Texas,2016,48,28.9,36,56565,8.0346,27862596,49.6,34.5,74.3,1.066436528556351,55.5
Utah,2016,42.63,32.6,37.8,65977,8.4117,3051217,50.4,30.7,86.3,0.37039736849847793,59.9
Vermont,2016,45.39,36.4,40.6,57677,7.5854,624594,49.3,43.1,94.4,0.677635896020702,80.4
Virginia,2016,47.05,38.1,43.5,68114,9.3939,8411808,49.2,38.2,67.8,2.130536284298435,63.1
Washington,2016,45.910000000000004,35.1,40.6,67106,9.0315,7288000,49.9,37.7,75.7,1.0966736586863113,86.1
West Virginia,2016,47.11,20.8,33.8,43385,6.0164,1831102,49.2,42.3,93.1,0.7616531756109315,37
Wisconsin,2016,44.98,29.5,35.9,56811,7.5113,5778709,49.7,39.4,85.5,1.0668287063980495,53.5
Wyoming,2016,43.6,27.1,33,59882,7.5574,585501,50.9,37.2,92,0.06030575018680798,48.4
Alabama,2017,47.68,25.5,34.8,48123,6.6337,4874747,48.4,38.9,68,0.9624921506388301,35.1
Alaska,2017,42.41,28.8,37.4,73181,9.2674,739795,52.1,34.5,64.2,0.012955607156902065,58.5
Arizona,2017,46.68,29.4,36.1,56581,7.7451,7016270,49.7,37.7,77.6,0.6173328784447625,80.8
Arkansas,2017,47.25,23.4,34,45869,6.356,3004279,49.3,38.1,76.3,0.5778258228073421,39.7
California,2017,48.66,33.6,38.7,71805,10.1761,39536653,49.7,36.5,58.6,2.5367011554181,87.8
Colorado,2017,45.53,41.2,41.9,69117,9.2465,5607154,50.3,36.8,84.2,0.5410374529159904,78.7
Connecticut,2017,49.43,38.7,43.6,74168,10.742,3588184,48.8,40.9,75.9,7.409969108793417,67.1
Delaware,2017,48.11,31.5,40.7,62852,8.6577,961939,48.4,40.1,68.8,4.93668138228095,50.9
District of Columbia,2017,52.81,57.3,63.3,82372,12.1095,693972,47.4,34,41,113.53102788861196,74.5
Florida,2017,48.59,29.7,35.2,52594,7.6053,20984400,48.9,42,75.1,3.9111019698639153,66.1
Georgia,2017,48.3,30.9,37.2,56183,7.9157,10429379,48.6,36.8,58.7,1.8069822446748447,59.5
Hawaii,2017,44.55,32.9,34.1,77765,9.8553,1427538,50.2,39.2,25,2.2227207740131503,80.1
Idaho,2017,44.78,26.8,34.6,52225,6.9958,1716943,50.2,36.3,90,0.20774881465001463,54.5
Illinois,2017,48.18,34.4,37.8,62992,8.816,12802023,49.2,38,71.2,2.3061217832965637,63.6
Indiana,2017,44.97,26.8,34.4,54181,7.151,6666818,49.3,37.7,83.7,1.860879166714074,51.2
Iowa,2017,43.81,28.9,35.5,58570,7.5455,3145711,49.7,38.3,90,0.5632081986303098,45.7
Kansas,2017,45.39,33.7,38.9,56422,7.5822,2913123,49.9,36.7,84.5,0.35630797975892753,47
Kentucky,2017,47.839999999999996,24,33.5,48375,6.709,4454189,49.3,38.9,86.9,1.127880098104123,45.9
Louisiana,2017,49.35,23.8,33.4,46145,6.591,4684333,48.9,36.8,61.7,1.0840672640721896,41.8
Maine,2017,45.26,32.1,36.7,56277,7.3598,1335907,49,44.6,94.4,0.43310282397173816,71.9
Maryland,2017,45.300000000000004,39.7,45.9,80776,10.6035,6052177,48.5,38.7,54.9,6.23213711251943,68.9
Massachusetts,2017,48.51,43.4,46.1,77385,10.6641,6859819,48.6,39.5,78.5,8.793558949912327,70.8
Michigan,2017,46.71,29.1,36.7,54909,7.5449,9962311,49.3,39.8,78.4,1.7598661873202806,63.1
Minnesota,2017,45.16,36.1,40.8,68388,9.0915,5576606,49.9,37.9,82.7,0.7003422998702103,62.6
Mississippi,2017,47.9,21.9,32.5,43529,6.0017,2984100,48.5,37.5,58.2,0.6359362508538471,29.4
Missouri,2017,46.18,29.1,36.9,53578,7.2959,6113532,49.1,38.5,82,0.8892877089392403,53.8
Montana,2017,45.39,32.3,35.4,53386,7.0994,1050493,50.1,40,88.6,0.07217384580804398,48.7
Nebraska,2017,43.91,31.7,37.7,59970,7.7235,1920076,50,36.5,87.3,0.24995171670154132,47.9
Nevada,2017,46.06,24.9,28.9,58003,7.8424,2998039,50.2,38,64.6,0.2728951751399066,79.4
New Hampshire,2017,43.86,36.9,41.7,73381,9.478,1342795,49.6,43.2,93.1,1.4997006495332064,70.8
New Jersey,2017,47.94,39.7,42.9,80088,11.012,9005644,48.8,39.8,67.9,12.244534336911586,69.4
New Mexico,2017,47.760000000000005,27.1,37.4,46744,6.4604,2088070,49.5,37.7,75.8,0.1721228912458814,60.2
New York,2017,51.57000000000001,36,40.9,64894,9.7116,19849399,48.6,38.7,63.1,4.212213730973388,77.6
North Carolina,2017,47.63,31.3,37.6,52752,7.4106,10273419,48.7,38.8,68.8,2.112866668536982,57.4
North Dakota,2017,45.46,30.7,37.3,61843,8.0663,755393,51.4,35.4,86.6,0.10948635578708106,39.2
Ohio,2017,46.42,28,36.7,54021,7.3337,11658609,49,39.3,81.3,2.8533940875397548,59.2
Oklahoma,2017,46.58,25.5,35.1,50051,6.802,3930864,49.6,36.6,72.2,0.5730413697754213,43.6
Oregon,2017,45.93,33.7,38.9,60212,8.0144,4142776,49.6,39.3,84.4,0.43155729430197814,100
Pennsylvania,2017,47.77,31.4,38.6,59195,8.1006,12805537,49,40.8,80.7,2.8620709125959256,61.7
Rhode Island,2017,47.22,33.5,38.4,63870,8.5279,1059639,48.4,39.5,81.8,10.24904759423265,70.2
South Carolina,2017,47.949999999999996,28,34,50570,7.0214,5024369,48.5,39.4,67.3,1.671207255812547,46.2
South Dakota,2017,44.879999999999995,28.1,35,56521,7.3458,869666,50.4,36.9,84.7,0.11471891183274659,35.5
Tennessee,2017,48.22,27.3,34.9,51340,7.2008,6715984,48.7,38.6,77.7,1.6288041770403852,54.5
Texas,2017,47.81,29.6,36.4,59206,8.2768,28304596,49.7,34.7,73.9,1.0833540098140884,55.5
Utah,2017,42.25,34.6,39.1,68358,8.6442,3101833,50.4,31,85.7,0.37654181289686683,60.7
Vermont,2017,45.25,38.3,41.1,57513,7.656,623657,49.4,42.6,94.2,0.6766193239201512,76.6
Virginia,2017,46.739999999999995,38.7,44.1,71535,9.7639,8470020,49.2,38.2,67.5,2.145280175050765,64.6
Washington,2017,45.61,35.5,41.4,70979,9.4297,7405743,49.9,37.7,75.4,1.1143912281971102,87.6
West Virginia,2017,46.86,20.2,33.2,43469,5.9557,1815857,49.4,42.4,92.8,0.7553119654204622,34.4
Wisconsin,2017,44.67,30.4,36.8,59305,7.7369,5795483,49.7,39.5,85.3,1.069925416185845,55.4
Wyoming,2017,43.26,27.6,34.5,60434,7.5855,579315,51.1,37.5,91.2,0.059668601197044355,44.7
Alabama,2018,48.59,25.5,35.2,49861,6.9091,4887871,48.5,39.3,67.7,0.9650834127053506,32.4
Alaska,2018,43.22,30.2,37.8,74346,9.608,737438,51.9,34.9,64.4,0.012914330362561987,52.8
Arizona,2018,46.129999999999995,29.7,36.6,59246,8.0477,7171646,49.7,38,78,0.6310037767028446,68.8
Arkansas,2018,48.449999999999996,23.3,33.7,47062,6.6766,3013825,49,38.1,76.5,0.5796618457947273,35.3
California,2018,49.120000000000005,34.2,39.2,75277,10.7384,39557045,49.7,36.7,59.5,2.5380095213529024,83.1
Colorado,2018,45.61,41.7,43,71953,9.6218,5695564,50.3,36.9,84.1,0.549568183695331,73.1
Connecticut,2018,50.13999999999999,39.6,43.4,76348,11.1303,3572665,48.7,41.1,75.2,7.377920777214166,62.3
Delaware,2018,45.87,31.3,38.8,64805,8.4896,967171,48.4,41.1,68.2,4.963532063033154,48
District of Columbia,2018,52.43,60.4,64.7,85203,12.4946,702455,47.6,33.9,42.2,114.91881256807898,82.4
Florida,2018,48.870000000000005,30.4,35.4,55462,7.9968,21299325,48.8,42.2,74.6,3.969798134055381,62.1
Georgia,2018,48.22,31.9,37.6,58756,8.2489,10519475,48.7,36.8,58.3,1.8225921743088358,55.4
Hawaii,2018,44.5,33.5,34.2,80212,10.3162,1420491,50,39.3,24.3,2.2117483772752204,73.9
Idaho,2018,44.54,27.7,35.5,55583,7.3369,1754208,50.3,36.8,89.9,0.2122578516873145,50.8
Illinois,2018,48.52,35.1,39.1,65030,9.1424,12741080,49.2,38.3,71.7,2.2951436761771307,58.3
Indiana,2018,45.11,27.1,34.5,55746,7.3733,6691878,49.3,37.8,82.8,1.8678740527178403,48.3
Iowa,2018,44.13,29,36.3,59955,7.7173,3156145,49.6,38.1,90.2,0.5650763023259476,42.3
Kansas,2018,46.33,33.8,38.2,58218,7.8972,2911510,49.8,37.1,84,0.3561106915663757,43.2
Kentucky,2018,47.870000000000005,24.8,34.8,50247,6.9724,4468402,49.2,39.1,86.7,1.131479083202051,42.3
Louisiana,2018,49.36,24.3,34.4,47905,6.9225,4659978,48.9,37.3,61.7,1.0784309315961513,40.1
Maine,2018,45.16,31.5,37.4,55602,7.3935,1338404,49,45.1,94.3,0.43391235468866485,67.4
Maryland,2018,45.43,40.8,46.2,83242,10.9774,6042718,48.5,38.8,54.7,6.222396851296514,61.3
Massachusetts,2018,48.75,44.5,47.5,79835,11.0501,6902149,48.5,39.5,77.3,8.847821511409911,68.9
Michigan,2018,46.79,29.6,36.5,56697,7.7682,9995915,49.3,39.8,78.3,1.7658024147035365,60.9
Minnesota,2018,45.36,36.7,41.2,70315,9.3047,5611179,49.8,38.2,82.5,0.7046841763329573,56.7
Mississippi,2018,48.28,23.2,32.4,44717,6.1944,2986530,48.4,37.7,58.1,0.636454103837854,27.1
Missouri,2018,46.57,29.5,37.6,54478,7.5013,6126452,49,38.8,82.2,0.8911670803401743,48.9
Montana,2018,45.35,31.7,36.6,55328,7.2648,1062305,50.3,40.1,88.6,0.07298538616736538,43.7
Nebraska,2018,44.879999999999995,32.4,38.1,59566,7.8793,1929268,49.8,36.7,86.4,0.25114831317997266,44.6
Nevada,2018,46.9,24.9,30.4,58646,8.1039,3034392,50.2,38.2,63.4,0.27620419090049575,78.1
New Hampshire,2018,45.300000000000004,36.8,40.5,74991,9.7994,1356458,49.4,43.1,92.4,1.514960171630453,66.9
New Jersey,2018,48.36,40.8,43.4,81740,11.4853,8908520,48.8,40,66.9,12.112479577369879,63.5
New Mexico,2018,48.91,27.7,36,47169,6.6752,2095428,49.6,38.1,76.4,0.17272942274807587,55.2
New York,2018,51.300000000000004,37.2,41.7,67844,10.0422,19542209,48.6,39,63.3,4.147025362498468,75.1
North Carolina,2018,47.82,31.9,38.4,53855,7.6693,10383620,48.7,38.9,68.4,2.1355309850356514,54.4
North Dakota,2018,44.269999999999996,29.7,37.7,63837,8.2435,760077,51.5,35.4,85.7,0.110165252851929,37.8
Ohio,2018,46.67,29,37.3,56111,7.6151,11689442,49,39.5,81,2.860940330826678,53.3
Oklahoma,2018,46.87,25.6,34.4,51924,7.1632,3943079,49.5,36.7,72.2,0.5748220725246914,41.8
Oregon,2018,45.82,34,39.8,63426,8.5235,4190713,49.6,39.6,83.9,0.43655094156095475,100
Pennsylvania,2018,47.47,31.8,38.7,60905,8.3765,12807060,49,40.8,80.1,2.8624113070674646,56
Rhode Island,2018,47,34.4,39.1,64340,8.6601,1057315,48.8,40,80.7,10.226569385513457,61.6
South Carolina,2018,47.620000000000005,28.3,34.6,52306,7.2742000000000004,5084127,48.6,39.7,67,1.6910839812665983,43.5
South Dakota,2018,44.45,29.2,35.3,56274,7.4046,882235,50.5,37.2,84,0.11637690697435935,33.2
Tennessee,2018,47.78,27.5,35.7,52375,7.3456,6770010,48.8,38.9,77.3,1.6419069144008052,48.5
Texas,2018,48.22,30.3,36.6,60629,8.578,28701845,49.6,34.9,73.5,1.0985586535067464,50.1
Utah,2018,42.69,34.9,39,71414,9.1096,3161105,50.4,31,85.7,0.3837370378925462,62.3
Vermont,2018,44.73,38.7,43.5,60782,7.9514,626299,49.2,43.1,94.1,0.6794856883701565,72.6
Virginia,2018,47.54,39.3,44.7,72577,10.0884,8517685,49.2,38.3,67.4,2.157352729725228,58.2
Washington,2018,45.739999999999995,36.7,42,74073,9.9762,7535591,50,37.7,74.8,1.1339303172795885,79.2
West Virginia,2018,47.42,21.3,33.7,44097,6.1707,1805832,49.5,42.8,93,0.7511420321859948,30.6
Wisconsin,2018,44.83,30,36.4,60773,7.9656,5813568,49.7,39.6,85.3,1.0732641545018267,52.5
Wyoming,2018,45.550000000000004,26.9,35.2,61584,8.1935,577737,50.6,38.5,91.5,0.05950606949548486,42.7
Alabama,2019,47.410000000000004,26.3,35.9,51734,7.1478,4903185,48.3,39.4,67.8,0.9681070783017155,35.1
Alaska,2019,43.76,30.2,38.3,75463,9.8504,731545,52,35,64.2,0.012811129620497463,51.5
Arizona,2019,45.910000000000004,30.2,37.9,62055,8.4438,7278717,49.7,38.3,78.3,0.6404245157319811,69.7
Arkansas,2019,47.5,23.3,33.9,48952,6.8219,3017804,48.9,38.8,76.7,0.5804271438742168,37.7
California,2019,48.66,35,40.7,80440,11.3563,39512223,49.7,37,59.4,2.535133708390481,83.9
Colorado,2019,45.48,42.7,45.1,77127,10.3518,5758736,50.4,37.1,83.7,0.5556636856158435,74.5
Connecticut,2019,50.239999999999995,39.8,44.7,78833,11.463,3565287,48.9,41.2,74.6,7.36268444817288,63.3
Delaware,2019,45.09,33.2,40.5,70176,9.2445,973764,48.3,41.4,67.7,4.997367410548306,53.1
District of Columbia,2019,51.15,59.7,67.8,92266,13.5369,705749,47.4,34.3,42.5,115.45769771887049,83.1
Florida,2019,48.08,30.7,36.5,59227,8.3883,21477737,48.9,42.4,74.5,4.003050813409919,59.4
Georgia,2019,47.949999999999996,32.5,39.1,61980,8.6468,10617423,48.7,37.2,57.8,1.839562532457812,61.9
Hawaii,2019,43.97,33.6,36.1,83102,10.6247,1415872,50,39.6,24.1,2.20455645155754,78.4
Idaho,2019,43.37,28.7,35.5,60999,7.8975,1787065,50.3,36.9,89.4,0.21623352403226456,50.5
Illinois,2019,48,35.8,40.7,69187,9.5725,12671821,49.1,38.6,71.4,2.2826675473192672,57.1
Indiana,2019,45.839999999999996,26.9,35.1,57603,7.8064,6732219,49.3,38,82.8,1.8791342560808857,46.4
Iowa,2019,44.22,29.3,37.8,61691,8.0267,3155070,49.8,38.5,89.9,0.5648838342913673,39.5
Kansas,2019,45,34,40,62087,8.227,2913314,49.6,37.2,83.6,0.3563313412250016,42.7
Kentucky,2019,47.64,25.1,36.2,52295,7.2215,4467673,49.2,39.2,86.7,1.1312944873998705,40.8
Louisiana,2019,49.78,25,35.4,51073,7.2658,4648794,48.8,37.7,61.8,1.0758426851411311,38.5
Maine,2019,44.9,33.2,40.1,58924,7.8303,1344212,48.8,45.1,94,0.43579531600380716,67.9
Maryland,2019,45.58,40.9,48,86738,11.4089,6045680,48.4,39,54.5,6.225446925695739,64.9
Massachusetts,2019,48.03,45,48.4,85843,11.7482,6892503,48.5,39.7,77,8.835456364511595,68.1
Michigan,2019,46.339999999999996,30,37.7,59584,8.0681,9986857,49.2,39.8,78.2,1.7642022972283096,59.1
Minnesota,2019,44.34,37.3,42.8,74593,9.6995,5639632,49.7,38.4,82.1,0.7082574679476431,54.8
Mississippi,2019,48.96,22.3,32.8,45792,6.5081,2976149,48.2,38.3,58,0.6342418273658478,30
Missouri,2019,46.33,30.2,38.4,57409,7.7885,6137428,49,38.9,81.8,0.8927636732578718,48.2
Montana,2019,45.97,33.6,39.1,57153,7.732,1068778,50.3,40.5,88,0.07343011193318721,45.3
Nebraska,2019,44,33.2,40,63229,8.2539,1934408,50,36.8,86.2,0.2518174282690868,43.4
Nevada,2019,47.099999999999994,25.7,30.4,63276,8.6946,3080156,50.2,38.4,64.6,0.2803698387773588,78.4
New Hampshire,2019,44.06,37.6,42.5,77933,10.0882,1359711,49.5,43,92.6,1.5185932848107462,66.7
New Jersey,2019,47.82,41.2,44.9,85751,11.9301,8882190,48.9,40.2,67.1,12.07667996225175,65.6
New Mexico,2019,47.68,27.7,37.6,51945,7.1591,2096829,49.4,38.6,73.9,0.1728449093795755,54.8
New York,2019,51.49,37.8,43.1,72108,10.7355,19453561,48.6,39.2,63.2,4.1282134920320965,73.1
North Carolina,2019,47.43,32.3,39.3,57341,8.0037,10488084,48.6,39.1,68.1,2.1570154103921997,54.5
North Dakota,2019,45.58,30.4,38.3,64577,8.5551,762062,51,35.5,85.8,0.1104529579487956,34.3
Ohio,2019,46.51,29.3,38.1,58642,7.9505,11689100,49,39.6,80.9,2.860856627807052,53.3
Oklahoma,2019,47.39,26.2,36.2,54449,7.5537,3956971,49.6,37,72.4,0.5768472483407258,39.9
Oregon,2019,45,34.5,40.4,67058,8.8449,4217737,49.5,39.7,83.5,0.439366059810461,100
Pennsylvania,2019,47.449999999999996,32.3,40.3,63463,8.7789,12801989,49,40.8,79.6,2.8612779253437792,59
Rhode Island,2019,46.28,34.8,42.2,71169,9.2553,1059361,48.8,40.1,78.7,10.246358720728374,62.4
South Carolina,2019,47.47,29.6,36.9,56227,7.8188,5148714,48.3,39.9,66.7,1.7125669302759496,44.4
South Dakota,2019,43.6,29.7,39.2,59533,7.765,884659,50.8,37.7,84.1,0.11669666035356765,32.1
Tennessee,2019,47.49,28.7,36.2,56071,7.8035,6829174,48.7,39,77.2,1.6562557529820792,48.4
Texas,2019,47.53,30.8,37.6,64034,8.9681,28995881,49.6,35.1,73.4,1.1098128356766561,50.6
Utah,2019,42.68,34.8,40.4,75780,9.6415,3205958,50.2,31.2,87.3,0.3891818925748786,62.9
Vermont,2019,44.71,38.7,42.9,63001,8.3015,623989,49.5,42.8,93.8,0.6769795180902503,71
Virginia,2019,46.9,39.6,45.4,76456,10.5091,8535519,49.2,38.5,67,2.161869711579091,59.4
Washington,2019,45.769999999999996,37,43.3,78687,10.5775,7614893,50,37.9,74.2,1.1458634147660238,79.6
West Virginia,2019,46.44,21.1,33.3,48850,6.5842,1792147,49.4,42.9,93.1,0.7454497093616871,30.5
Wisconsin,2019,43.91,31.3,37.9,64168,8.2899,5822434,49.7,39.9,85.2,1.0749009393461448,49.3
Wyoming,2019,43.45,29.1,36.3,65003,8.3155,578759,51.1,38.1,90.9,0.05961133400688778,40.9
